Wave,Build_Type,Player_Level,Result,Time_To_Clear,Kill_Slime,Kill_Rusher,Kill_Tank,Kill_Drifter,Kill_Elite,Kill_Total,HP_Start_Hull,HP_Start_Shield,HP_End_Hull,HP_End_Shield,Dmg_From_Mobs,Dmg_From_Boss,Player_HP_Lost,Tank_Absorbed_Ratio,Dmg_Main_Laser,Dmg_Sub_Laser,Dmg_Explosion,Dmg_Chain,Crit_Damage_Total,Crit_Hit_Count,Normal_Hit_Count,Overkill_Ratio,Dmg_Dealt_Total,Frost_Slow_Count,Frost_Freeze_Count,Frost_Slow_Duration,Panel_DPS,Panel_Crit_Rate,Panel_Laser_Width,Drone_Choice,Drone_Reward_Type,Drone_Reward_Value,Drone_Acc_Health,Drone_Acc_Shield,Drone_Acc_Damage_Pct,Drone_Acc_Crit_Pct,Drone_Acc_Laser_Width,Drone_Acc_Laser_Length,Drone_Count_Supply,Drone_Count_Gacha,Drone_Count_Deal,Boss_Dmg_Collision,Boss_Dmg_Bullet,Boss_Pushback_Time,Boss_Phase,Boss_HP_Remaining,Boss_Charge_Count,Boss_Press_Count,Boss_Summon_Count,Boss_Stun_Count,Skill_Path,Skill_Levels,Overload_Count,DPS_Peak,Enemy_Total_HP
1,Mix,4,Win,65.3,49,0,0,0,0,49,2000,1000,2000,1000,0,0,0,0.00,51415,0,0,0,10615,50,408,0.03,51415,43,0,89.5,1000,0.10,0.50,Deal,HealthLoss→LaserLengthPercent,生命值-150|激光长度+15%,0,0,0.0,0.0,0.0,0.0,0,0,1,0,0,0.0,None,1.00,0,0,0,0,"Crit>Frost>FrostSpread","Crit:1|Frost:1|FrostSpread:1",0,1945,50000
2,Mix,6,Win,95.0,30,0,0,19,0,49,1850,1000,1850,130,870,0,870,0.00,78110,0,0,0,20210,83,515,0.04,78110,375,0,614.0,1000,0.13,0.50,Deal,ShieldLoss→BaseDamagePercent,护盾值-100|激光攻击力+15%,0,0,0.0,0.0,0.0,0.0,0,0,2,0,0,0.0,None,1.00,0,0,0,0,"Crit>Frost>FrostSpread>FrostSpread>FrostSpread","Crit:1|Frost:1|FrostSpread:3",1,4435,80000
3,Mix,8,Win,85.4,40,25,0,9,0,74,1850,30,1850,0,40,0,30,0.00,120913,0,0,0,25343,76,457,0.32,120913,422,0,896.0,1150,0.13,0.50,Deal,HealthLoss→BaseDamagePercent,生命值-150|激光攻击力+18%,0,0,0.0,0.0,0.0,0.0,0,0,3,0,0,0.0,None,1.00,0,0,0,0,"Crit>Frost>FrostSpread>FrostSpread>FrostSpread>Shatter>FrostSpread","Crit:1|Frost:1|FrostSpread:4|Shatter:1",1,31193,82500
4,Mix,10,Win,84.7,40,12,5,9,0,66,1700,0,1700,0,0,0,0,0.34,142860,0,0,0,34772,88,573,0.07,142860,422,0,1055.5,1330,0.13,0.50,Deal,HealthLoss→CritRatePercent,生命值-80|激光暴击率+4%,0,0,0.0,0.0,0.0,0.0,0,0,4,0,0,0.0,None,1.00,0,0,0,0,"Crit>Frost>FrostSpread>FrostSpread>FrostSpread>Shatter>FrostSpread>FrostSpread>Shatter","Crit:1|Frost:1|FrostSpread:5|Shatter:2",1,6075,131760
5,Mix,12,Win,71.9,50,20,1,10,0,81,1620,0,1620,0,0,0,0,0.15,141489,0,0,0,42178,91,451,0.09,141489,310,0,1257.3,1330,0.17,0.50,Deal,HealthLoss→BaseDamagePercent,生命值-150|激光攻击力+18%,0,0,0.0,0.0,0.0,0.0,0,0,5,0,0,0.0,None,1.00,0,0,0,0,"Crit>Frost>FrostSpread>FrostSpread>FrostSpread>Shatter>FrostSpread>FrostSpread>Shatter>Frost>Shatter","Crit:1|Frost:2|FrostSpread:5|Shatter:3",1,7302,128700
6,Mix,15,Win,64.1,70,30,4,25,0,129,1470,0,1430,0,40,0,40,0.15,216530,0,190260,0,82623,115,460,0.20,406790,406,0,2213.9,1510,0.17,0.50,Deal,HealthLoss→BaseDamageFlat,生命值-150|激光攻击力+300,0,0,0.0,0.0,0.0,0.0,0,0,6,0,0,0.0,None,1.00,0,0,0,0,"Crit>Frost>FrostSpread>FrostSpread>FrostSpread>Shatter>FrostSpread>FrostSpread>Shatter>Frost>Shatter>Shatter>Shatter>Frost","Crit:1|Frost:3|FrostSpread:5|Shatter:5",1,29558,258300
7,Mix,18,Win,68.7,100,40,4,32,0,176,1280,0,1280,0,0,0,0,0.07,204064,0,659568,0,70482,74,420,0.35,863633,325,1,1536.6,1963,0.17,0.50,Deal,HealthLoss→LaserLengthPercent,生命值-150|激光长度+15%,0,0,0.0,0.0,0.0,0.0,0,0,7,0,0,0.0,None,1.00,0,0,0,0,"Crit>Frost>FrostSpread>FrostSpread>FrostSpread>Shatter>FrostSpread>FrostSpread>Shatter>Frost>Shatter>Shatter>Shatter>Frost>Frost>Frost>Wide","Crit:1|Frost:5|FrostSpread:5|Shatter:5|Wide:1",0,66183,354000
8,Mix,18,Loss,98.1,0,48,0,0,0,48,1130,0,0,0,40,1405,1130,0.00,11145,0,176670,0,3587,4,53,0.61,187815,63,20,260.4,1963,0.17,0.60,None,None,None,0,0,0.0,0.0,0.0,0.0,0,0,7,1200,205,9.6,Press,0.65,5,2,6,1,"Crit>Frost>FrostSpread>FrostSpread>FrostSpread>Shatter>FrostSpread>FrostSpread>Shatter>Frost>Shatter>Shatter>Shatter>Frost>Frost>Frost>Wide","Crit:1|Frost:5|FrostSpread:5|Shatter:5|Wide:1",1,33077,0
8,Mix,18,Loss,98.1,0,48,0,0,0,48,1130,0,0,0,40,1405,1130,0.00,11145,0,176670,0,3587,4,53,0.61,187815,63,20,260.4,1963,0.17,0.60,None,None,None,0,0,0.0,0.0,0.0,0.0,0,0,7,1200,205,9.6,Press,0.65,5,2,6,1,"Crit>Frost>FrostSpread>FrostSpread>FrostSpread>Shatter>FrostSpread>FrostSpread>Shatter>Frost>Shatter>Shatter>Shatter>Frost>Frost>Frost>Wide","Crit:1|Frost:5|FrostSpread:5|Shatter:5|Wide:1",1,33077,0
